"IsIndustrialized","Is16s","Blautia_schinkii","Streptococcus_salivarius","Escherichia_coli","Acetivibrio_thermocellus","Klebsiella_pneumoniae","Sporobacter_termitidis","Blautia_stercoris","Ruminococcus_bromii","Pseudocoprococcus_catus","Bifidobacterium_pseudocatenulatum","Phocaeicola_dorei","Butyrivibrio_fibrisolvens","Eubacterium_ramulus","Ruminococcus_champanellensis","Eggerthella_lenta","Allocoprococcus_comes","Alistipes_communis","Hungatella_hathewayi","Catenibacterium_mitsuokai","Megasphaera_elsdenii","Agathobacter_rectalis","Oscillibacter_sp__57_20","Mediterraneibacter_glycyrrhizinilyticus","Segatella_copri","Bacteroides_xylanisolvens","Phocaeicola_massiliensis","Bifidobacterium_dentium","Hydrogenoanaerobacterium_saccharovorans","Enterocloster_citroniae","Dialister_invisus","Bacteroides_nordii","Blautia_wexlerae","Enterocloster_asparagiformis","Finegoldia_magna","Oscillibacter_valericigenes","Streptococcus_anginosus","Dehalobacterium_formicoaceticum","Phascolarctobacterium_faecium","Anaerostipes_hadrus","Clostridium_clostridioforme_2_1_49FAA","Ligilactobacillus_salivarius","Lactobacillus_hominis","Blautia_glucerasea","Coprobacillus_cateniformis","Mediterraneibacter_gnavus","Butyricimonas_virosa","Pseudomonas_nitroreducens","Streptococcus_australis","Gemmiger_formicilis","Mitsuokella_multacida","Pseudomonas_aeruginosa","Megamonas_hypermegale","Bilophila_wadsworthia","Faecalispora_sporosphaeroides","Gordonibacter_pamelaeae","Vibrio_cholerae","Gemella_sanguinis","Collinsella_aerofaciens","Acidaminococcus_intestini","Thomasclavelia_saccharogumia","Roseburia_faecis","Oribacterium_sinus","Mediterraneibacter_faecis","Collinsella_intestinalis","Helicobacter_pylori","Blautia_hydrogenotrophica","Eubacterium_xylanophilum","Streptococcus_oralis","Blautia_caecimuris","Bacteroides_uniformis","Agathobaculum_butyriciproducens","Segatella_buccae","Pseudoflavonifractor_capillosus","Phocaeicola_plebeius","Fusicatenibacter_saccharivorans","Veillonella_dispar","Blautia_luti","Lawsonibacter_asaccharolyticus","Dorea_longicatena","Bacteroides_faecis","Anaerobutyricum_hallii","Dialister_pneumosintes","Xylanibacter_ruminicola","Blautia_faecis","Blautia_obeum","Phocaeicola_vulgatus","Lachnospiraceae_bacterium","Barnesiella_intestinihominis","Dorea_formicigenerans","Candidatus_Cibiobacter_qucibialis","Succinivibrio_dextrinosolvens","Bacteroides_clarus","Enterocloster_clostridioformis","Odoribacter_splanchnicus","Ralstonia_pickettii","Bacteroides_caccae","Faecalibacterium_prausnitzii","Serratia_marcescens","Bacteroides_ovatus","Limosilactobacillus_mucosae","Enorma_massiliensis","Adlercreutzia_equolifaciens_subsp__celatus","Streptococcus_mitis","Anaerobutyricum_soehngenii","Holdemania_filiformis","Bifidobacterium_longum","Bacteroides_thetaiotaomicron","Fusobacterium_nucleatum","Bifidobacterium_bifidum","Roseburia_inulinivorans","Clostridioides_difficile","Sneathia_sanguinegens","Streptococcus_thermophilus","Parabacteroides_merdae","Intestinimonas_butyriciproducens","Lactobacillus_jensenii","Phocaeicola_salanitronis","Ruthenibacterium_lactatiformans","Morganella_morganii","Eisenbergiella_massiliensis","Acidaminococcus_fermentans","Alistipes_putredinis","Brevundimonas_vesicularis","Bacteroides_stercoris","Intestinibacter_bartlettii","Clostridium_innocuum","Dialister_histaminiformans","Alistipes_onderdonkii","Anaerotruncus_colihominis","Agathobaculum_desmolans","Faecalimonas_nexilis","Amedibacillus_dolichus","Eubacterium_coprostanoligenes","Parabacteroides_distasonis","Streptococcus_equinus","Bacteroides_fragilis","Eshraghiella_crossota","Methanobrevibacter_smithii","Bacteroides_cellulosilyticus","Flavonifractor_plautii","Ruminococcus_torques","Turicimonas_muris","Adlercreutzia_caecimuris","Clostridium_leptum","Eikenella_corrodens","Enterocloster_aldenensis","Paraprevotella_xylaniphila","Parasutterella_excrementihominis","Roseburia_intestinalis","Oscillospiraceae_bacterium","Desulfovibrio_piger","Eubacterium_ventriosum","Lactobacillus_iners","Adlercreutzia_equolifaciens","Veillonella_rogosae","Elizabethkingia_meningoseptica","Shigella_flexneri","Phascolarctobacterium_succinatutens","Bifidobacterium_adolescentis","Prevotella_sp__885","Blautia_producta","Leyella_stercorea","Parabacteroides_goldsteinii","Haemophilus_parainfluenzae","Monoglobus_pectinilyticus","Streptococcus_gordonii","Alistipes_indistinctus","Campylobacter_ureolyticus","Schaalia_odontolytica","Akkermansia_muciniphila","Butyricimonas_synergistica","instance_id"
0.015747063,0.10965893,0.4943108,-1.143999,-0.8016988,0.27528653,-1.1679587,0.35428488,0.07837294,0.7143253,0.28268397,-1.4983153,0.21575494,0.038821112,0.27183193,0.14546895,-0.20737486,-0.15395747,0.15622132,0.17226407,0.29603574,0.08629237,0.4971322,-0.9131881,0.23635861,-0.14839457,-0.29007706,0.15861893,-0.71181244,0.04267301,0.1518682,-0.4420081,0.11226839,-0.2391552,0.06146198,0.060145136,0.17237216,0.08012069,-0.0060587856,0.32435673,-0.12629491,0.10454576,-0.40547103,-0.0066969465,0.31312144,0.08517387,-0.17552808,0.06008364,0,0.038846035,-0.30707252,0.03637743,0.06798632,0.059216924,0.26875728,0.16244522,-0.071765974,-0.0055758264,0.06652334,0.3984301,-0.1385846,0.01512652,-0.4185474,-0.094962515,0.022733077,-0.033305205,0.1142682,-0.15529743,0.03153098,-0.31982803,0.0010826475,-0.5005482,0.015816122,-0.0273787,0.00051791256,-0.23073292,-0.39205638,-0.17434146,-0.004983364,0.07501986,-0.15944004,-0.012680179,-0.3073583,-0.039789237,-0.03735268,-0.04546071,0.075240925,-0.08565481,-0.014888642,-0.4904357,0.1399368,-0.021267748,-0.06574749,-0.015405314,-0.06420927,-0.0983426,0.005668333,-0.12288891,-0.39721388,-0.038034644,-0.1152681,0.089203365,-0.036059752,0.0275818,-0.28163168,0.015702698,-0.03302406,-0.20016277,0.12401554,0.12263093,0.20885593,0.097907424,0.11394478,0,0.0055953283,-0.04834439,-0.05366487,0.010049072,-0.0023105633,0.043659855,-0.017931025,-0.0104225315,0.0032999387,-0.1492877,0.0008560894,-0.0738446,-0.14269423,-0.10698355,0.033550657,0.102259494,0.03087651,0.29310474,0.052225377,-0.0062230444,-0.03406409,-0.020264305,-0.0029594004,0.0046614697,-0.014941693,0.0172687,0.02545331,-0.12547141,-0.04654584,-0.07202886,-0.019448955,-0.22225794,-0.0050053806,-0.017730225,-0.07471945,-0.017490378,-0.018686704,0,-0.003813087,-0.0076527377,-0.01358463,0.0045285015,0.02646704,0,0.03531554,-0.015298868,-0.1893041,0,-0.006004272,-0.0049813217,-0.006146908,0.45096618,-0.010111772,-0.12232819,0.120574884,0.033112913,-0.012754026,0.12052369,-0.014325893,"CDFMT1-A-0-week"
0.068590224,0.19627246,0.4145441,-1.4971384,-1.0549922,0.2740072,-1.1814429,0.37588596,0.090791285,0.6029509,0.29377317,-1.2850643,0.20427412,0.042535756,0.3543194,0.1483326,0.12109798,-0.5985097,0.16405042,0.20632794,-0.13513204,0.08836305,-0.4588101,0.09972134,0.23405029,-0.22341874,-0.27976918,0.238036,0.14904954,0.045172893,0.15139858,-0.43054414,0.12496663,0.050236367,0.057094656,0.05631954,0.17616023,0.078651555,-0.005441997,0.31205046,-0.5319366,0.10831894,-0.4036659,-0.0051777805,0.2885989,0.05680821,0.21883218,0.054341063,0,0.058697455,0.28442958,0.03653787,0.080426306,0.052390166,0.1715713,0.1345726,-0.04192375,-0.0055472543,0.07034305,-0.036716707,-0.22848497,0.020667367,0.10895361,-0.102191746,0.02311314,-0.028443843,0.117357425,-0.17897041,0.029728234,-0.6795606,0.003144518,-0.37334013,-0.34492558,-0.022218935,-0.010542446,0.13298306,0.18662322,-0.17236699,-0.1350826,0.056315325,-0.21137857,-0.0061840266,0.64475965,-0.036872637,-0.058963574,-0.103989504,0.07662307,-0.013917449,-0.015213048,-0.69052255,-0.2987786,-0.018963603,-0.08531944,0.0033140965,-0.049792446,-0.043025237,0.0060745124,-0.21858792,-0.8732233,-0.047778375,-0.22568128,0.10836283,-0.02223956,0.018193241,-0.15445262,0.016930431,0.014752319,0.025540413,0.17360955,-0.03543044,-0.06868483,0.09423921,0.1149006,0,0.42326492,-0.059364326,-0.048120197,0.0076404205,-0.002263174,0.03782331,-0.019155975,-0.0060680313,0.007104394,-0.109636605,0.0001074198,-0.02855353,-0.13060868,-0.12174411,0.06248198,0.104018494,0.058590017,0.22981867,0.058718745,-0.007307074,-0.028805718,0.076778844,-0.003660931,0.01943767,-0.05450946,0.0420734,0.021264732,-0.05818166,0.46185872,-0.062963985,-0.019266374,-0.19754648,-0.0072061312,-0.017400408,-0.069060415,-0.043735687,-0.031228453,0,-0.0047426084,0.018193068,-0.016072465,0.0035724004,0.030900605,0,0.049423486,-0.010814333,0.060628574,0.5965108,-0.0076433243,-0.043643527,-0.007410023,-0.06532786,-0.009863254,-0.19450533,0.16482767,0.032652214,0.032937504,0.07876462,-0.009373905,"CDFMT13-A-0-week"
0.09759091,0.12419897,0.37035418,-1.421496,-1.2410274,0.2472793,-0.9958864,0.32403094,0.08541641,0.6384474,0.2350704,-1.0718102,0.10492864,0.043130126,0.23937975,0.12409024,0.08386764,-0.2961738,-3.3108497,0.13375771,-0.116643086,-0.44484562,0.31055155,0.09777792,0.1578049,-0.093478195,-0.34814578,0.19508132,-0.54901457,0.049505208,0.11969535,-0.45135146,0.111546904,-0.44208026,0.050922804,0.05588118,0.13242505,0.06862491,-0.005131231,0.2460635,-0.6162292,0.100436255,0.07086901,-0.002959561,0.25855803,0.074767254,0.14255726,0.044053778,0,-0.8277786,0.08058821,0.03801117,0.0746737,0.05320813,0.2337649,0.113023624,-0.07553228,-0.0053478065,-0.6347636,-0.17435472,0.41304573,0.019890632,-0.3028948,0.24580327,0.015411891,-0.03377586,0.10390432,-0.15469041,0.027497768,-0.4226799,0.0018855899,-0.35314244,0.074038215,-0.02885103,-0.0047146804,-0.2092848,0.20132583,0.095749825,-0.016577091,0.05197011,-0.1654199,-0.009014316,0.20965639,-0.038792,-0.05980875,-0.23977225,0.04975313,-0.0034057647,-0.016997186,-0.5228653,-0.08665322,-0.021611135,-0.08239876,-0.003505997,-0.079185806,-0.05088284,0.0048041875,-0.14131291,-0.5745411,-0.03200023,-0.16223362,-0.6639039,-0.033915624,0.014478179,-0.17268741,0.014474999,-0.013556202,-0.19114706,0.15408668,-0.03409698,0.14497018,0.08854882,0.10133837,0,0.22071186,-0.03628719,-0.06798492,0.00765967,-0.0025428548,0.034443438,-0.018768404,-0.010171452,0.004453637,-0.11748299,0.0008560894,-0.058854003,0.22499019,-0.105543755,-0.073102355,0.097811565,0.023260724,0.19826958,0.066153854,-0.009083074,-0.08606654,0.14234559,-0.0029786252,0.0026136963,-0.014060417,0.023331504,0.021289455,-0.1400634,0.12615186,-0.0782701,-0.025353827,-0.24326125,-0.0064752763,-0.028548663,-0.06921989,-0.02194389,-0.042606946,-0.0022676985,-0.006401035,-0.01956321,-0.015896836,0.0036446042,0.02171203,0,0.04548399,-0.01801096,-0.30592915,0,-0.007309135,-0.06439805,-0.012411247,-0.062705785,-0.011714486,-0.17378904,0.11363785,0.031751476,-0.0044521145,0.11578938,-0.014514009,"CDFMT10-A-0-week"
-0.024643715,0.28177124,0.58573115,0.48155347,-1.0820131,0.33567446,0.31694064,0.4769406,0.14989907,-0.93058705,0.24657285,-1.2824855,0.4164461,0.052877657,0.24112879,0.16405511,-0.061198268,0.26311922,0.18019186,0.12669218,0.019703656,0.10873547,0.33147252,0.09136102,0.27739656,0.09698591,-0.34396178,0.177037,0.17879483,0.039692532,0.15914579,-0.501809,0.0787056,-0.22043629,0.07680778,0.047843516,0.18378839,0.08604021,-0.006187915,0.40856174,-0.47147578,0.10752314,-0.49052575,-0.007348275,0.3146875,0.08789286,0.083581515,0.03374695,0,-0.9595084,0.23864327,0.036097214,0.07934807,0.08108504,0.2032463,0.1711429,0.01758782,-0.0056311493,-0.90103304,0.07169747,-0.1770756,0.020275652,-0.262648,-0.08804737,0.03513735,-0.01767906,0.120466165,-0.1656222,0.038400624,0.062409405,0.0018149433,-0.4271422,0.10430893,-0.030211614,-0.0023731727,0.13971797,-0.18048488,-0.14291942,-0.06862259,0.059816636,-0.19037896,-0.009636181,0.5494383,-0.035055652,-0.058696896,-0.20910892,0.04767359,-0.014341021,-0.016612578,-0.3545408,0.2966171,-0.020553049,-0.1273998,-0.02576594,-0.04082915,-0.117484495,0.002979447,-0.2245047,-0.8122335,-0.038620062,0.017839994,0.10586679,-0.004025502,0.040424153,-0.30727687,0.015665554,0.0032367622,-0.376433,0.22958222,-0.030248065,0.19383384,0.058792245,0.12854321,0,0.2132403,-0.024167676,-0.04542467,0.008454852,-0.0027875262,0.021448245,-0.016718242,-0.008579093,0.0010093031,-0.14942685,0.000968748,-0.04685122,-0.076317474,0.128046,0.020256761,0.10782093,0.036929548,0.25940382,0.06508778,-0.010802453,-0.07195629,0.11451824,-0.0029328652,-0.0042983405,-0.013513864,0.013765995,0.013240978,-0.074002445,0.18980558,-0.09390563,-0.016215371,-0.4056393,-0.0058190306,-0.024983086,-0.087715775,-0.041389823,-0.045192454,0,0.0060752924,-0.015505216,-0.015960367,0.0038214382,0.031989463,0,0.03738304,-0.007041936,0.03885976,0,-0.013547956,0.0005268329,-0.0037647719,0.48468712,-0.017429184,0.045629077,0.037652962,0.034076266,0.0320306,0.071555026,-0.012999969,"CDFMT18-A-0-week"
-0.014259014,0.16744444,0.52893806,-1.6175487,-1.1660985,0.33215702,0.2407276,0.4531326,0.11273776,0.5819399,-0.5152371,0.45120382,0.19253293,0.048356257,-0.35189587,0.16830747,0.06040197,-0.6507506,0.17663462,0.13795878,-0.11285604,0.091001846,0.50859934,-1.4439867,0.22150493,-0.12045958,-0.39933446,0.14624147,0.14004974,0.039298236,0.1632765,-0.4184256,0.09631473,0.08448382,0.0691157,0.050912883,0.14295751,0.084238626,-0.0057223435,0.42360815,-0.8063168,0.10793955,-0.41856164,-0.0039559635,0.26155987,0.061126746,-0.23422936,0.047493014,0,-0.820708,-0.27192318,0.03905051,0.07611451,0.078843,0.2457219,0.14895315,-0.05870855,-0.0054744016,-0.8685415,-0.25488237,-0.24660027,0.015156072,0.18740171,-0.09987712,0.028243154,-0.024593249,0.12014018,-0.14371182,0.029829927,0.03706438,0.002166717,0.06505554,0.05542807,-0.019782161,0.0034973118,0.103729546,-0.18106373,-0.13234141,-0.12663259,0.06376931,-0.19338603,-0.0070092855,-0.324903,-0.038788073,-0.04110156,-0.072169766,-0.048743583,-0.035958286,-0.015316214,-0.40040046,0.3577933,-0.01893293,-0.06443609,-0.007741619,-0.049443614,-0.1283545,0.0036615985,-0.14179428,-0.83570564,-0.04463232,-0.00397351,-0.5437121,-0.025572648,0.019933823,-0.23309375,0.016447823,-0.020773442,-0.15012825,0.13206404,-0.029020485,1.3786931,0.039568674,0.08996977,0,-0.11560278,-0.015782412,-0.05512698,0.010049072,-0.0032043378,0.029806495,-0.0148178525,-0.006499713,0.0069502816,-0.039154753,0.0013732362,-0.11146295,-0.12662953,0.1805134,0.033447094,0.117598794,0.0106822895,0.27283412,0.056974035,-0.005516532,-0.053486332,0.048558228,-0.0038877616,-0.020067723,-0.043128137,0.026493784,0.00874278,0.011028588,-0.008835752,-0.09284286,-0.024673376,-0.21283498,-0.005297458,-0.04471135,-0.075003445,-0.040400743,-0.019319786,0,0.0053225607,-0.011317321,-0.0141332755,0.004919729,0.027621178,0,0.03567472,-0.015197628,-0.27665627,0,-0.005636799,-0.0029544407,-0.004875077,0.5292243,-0.012393065,-0.059662588,0.1549872,0.03181179,0.032621387,0.113113225,-0.018841727,"CDFMT15-A-0-week"
0.056720946,0.072980896,0.4604002,-1.2153083,-0.84093434,0.2890333,-1.0727847,0.34385437,0.08049975,0.62336755,0.114363216,0.46422204,0.30688864,0.04690096,0.3022342,0.14782065,0.14034247,0.17170957,0.15910286,-0.29865262,-0.07130718,0.07101141,-1.1804785,0.095813654,0.20320739,-0.13170958,-0.39507014,0.22528577,-0.61962837,0.04085228,0.16399956,-0.3254215,0.09857914,-0.118023366,0.06742306,-0.29369053,0.09581958,0.08825142,-0.0053747483,0.45198345,0.0049157627,-2.6971025,0.04729032,-0.008982381,0.2949603,-0.46379215,0.18160334,0.06612559,0,-0.6094657,0.24649656,0.031962857,0.0770952,0.06377753,0.21583137,0.18966547,-0.08886603,-0.005319235,-0.66508937,2.1353796,-0.109067254,0.021426357,0.2025547,-0.13326572,0.023633584,-0.02328994,0.12003207,-0.1409479,0.028168324,-0.99389154,0.0024838082,-0.38774896,0.091970384,-0.023641856,0.0067305225,0.13948444,0.24609011,-0.19223419,-0.19290873,0.048008755,-0.19738856,-0.0069621843,-0.04413481,-0.037014257,-0.06379782,-0.111202486,-0.13016194,-0.023805406,-0.016485829,-0.6079901,-0.18772793,-0.01847371,-0.09374633,0.00967996,-0.047350034,-0.060879376,0.0063642664,-0.17735466,-0.6910411,-0.04103538,-0.06789595,0.059737835,-0.018900063,0.021814922,-0.2618931,0.017214434,-0.04086357,-0.1558083,0.2484757,-0.02372219,2.7363842,0.120678574,-1.5300078,0,-0.019017763,-0.05823367,-0.026217936,0.010284125,-0.0035211127,0.04982289,-0.015190331,-0.010810977,0.008152186,-0.124598116,0.0015121823,-0.044838935,-0.105474934,0.090528354,0.054777805,0.092562065,0.04756841,0.20115136,0.06613825,-0.0055667055,0.03303743,0.08031993,-0.0064725894,-0.114945345,-0.051715173,0.048054937,0.02187762,0.07543554,0.13647866,-0.07517236,-0.023489177,-0.19050539,0.064328745,-0.007101261,-0.09392825,-0.041531645,-0.021756267,0,0.008042653,0.004334744,-0.014941035,0.007230372,0.031043418,0,0.025292274,-0.020619318,0.028947067,0,-0.007289758,-0.011202838,-0.0049030907,0.4538064,-0.010196625,-0.12852171,0.106168374,0.030165445,-0.030226102,0.06834899,-0.009150748,"CDFMT31-A-0-week"
0.053476535,0.15513913,0.49534118,-1.8489115,-1.1026499,0.29521966,-1.0512719,0.4457633,0.09755954,0.5952465,-0.28958717,0.5321877,0.36885995,0.049297914,0.33012417,0.16960904,-0.130024,0.38977945,0.15725447,0.19121292,-0.13632978,0.101074226,0.45952886,0.15075703,0.24471542,-0.111927964,-0.42195666,0.24038854,0.1477915,0.0444718,0.13310626,-0.47576153,0.12106156,-0.25843668,0.06570851,0.06159159,0.17311089,0.08852167,-0.0053747483,0.3042263,-0.77301747,0.1143284,0.06245844,-0.003866283,0.33340114,0.09904086,-0.27585995,0.044975523,0,0.04088554,-0.15743048,0.042965762,0.07758513,0.059764758,0.1552191,0.18782689,-0.048480466,-0.005161409,-0.683863,-0.26114208,-0.14611322,0.017431162,0.2534683,-0.10367402,0.02731692,-0.019342711,0.11929245,-0.11091104,0.029017305,0.03111289,0.0023602564,-0.58471566,0.08403441,-0.023955269,0.002276521,0.13227415,-0.28820032,-0.15576981,-0.14466454,0.05661771,-0.12648061,-0.0075563025,-0.20045,-0.036524266,-0.05597869,-0.13219948,-0.04542493,-0.26162636,-0.0152194295,-0.4147346,0.3685314,-0.018725801,-0.0731184,-0.014794855,-0.04188963,-0.107864216,0.0016831893,-0.17463356,-0.6655624,-0.04886354,-0.093418665,0.09766498,-0.02218869,0.036854096,-0.22708435,0.017327892,-0.026273979,-0.24670503,0.16442066,-0.028822318,-0.06600048,0.086686596,0.10919696,0,0.84602886,-0.029179107,-0.056161664,0.009380198,-0.0029862986,0.029613964,-0.014368879,-0.0044436394,0.0037721426,-0.10158933,0.0011801391,-0.045736287,-0.083807126,-0.11194879,0.02927223,0.11160405,0.045165643,0.29322758,0.051960535,-0.005385233,-0.034403786,0.0097329365,-0.0037867907,-0.007970916,-0.03809973,0.034237497,0.024829155,-0.072074234,0.13859819,-0.09451351,-0.025663834,-0.16872339,-0.0042587845,-0.02214559,-0.09216681,-0.053530112,-0.012298062,0,-0.002629608,0.00063641695,-0.013997819,0.008580321,0.028429592,0,0.0564609,-0.020517504,-0.124696314,-0.06707292,-0.007882766,-0.047946446,-0.004535833,-0.048771612,-0.012950809,0.028523404,0.1266571,0.033271767,0.02956626,0.10974743,-0.012175359,"CDFMT4-A-0-week"
-0.005670227,0.2135134,0.6143019,-1.3472298,-1.1773971,0.32402635,0.22705975,0.45360136,0.12047118,0.64771867,-0.30500144,0.44563568,0.16485962,0.050007697,-0.37577978,0.16694322,0.023444884,0.05846892,0.17332949,0.123502925,-0.012563816,0.08058482,0.45594132,0.15892678,0.23904069,-0.11515196,-0.35219043,0.18040177,-0.71096545,0.04597267,0.14268741,-0.39128765,0.097927384,0.03628149,0.06586195,0.058218878,0.20010588,0.06998363,-0.0050891037,0.39255834,-0.62832654,0.10537675,-0.34923202,-0.008188322,0.3241684,0.08096664,-0.20911463,0.04202266,0,0.041493803,-0.15678816,0.036060993,0.0793054,0.048376262,0.16732937,0.27199188,-0.0638694,-0.005288004,0.057794284,1.3053672,-0.20739588,0.014103984,0.22703141,-0.1023346,0.026887449,-0.030792609,0.11288753,-0.107750505,0.028791789,-0.54765135,0.0016508676,-0.5454654,0.058083426,-0.024874305,0.0054902304,-0.25243217,-0.36187923,-0.14101139,-0.11324566,0.05021482,-0.17370722,-0.007943945,-0.22927082,-0.035944473,-0.052849595,0.04194324,0.21401621,-0.023960786,-0.016706591,-0.62636524,0.43351805,-0.019069372,-0.058461823,-0.0064997743,-0.038507275,-0.1428812,-0.0020148223,-0.1307407,-0.7770344,-0.042839963,-0.12342362,0.08452786,-0.045377962,0.022844609,0.16371092,0.016366772,-0.0150389625,-0.2875239,0.15285572,-0.028080381,-0.08691274,0.07931864,0.099996075,0,0.82232904,-0.07748627,-0.054240827,0.00918398,-0.0023165843,0.037567172,-0.016203128,-0.0101121375,0.006434734,-0.06823914,0.0015807628,-0.03600031,0.22631282,-0.13483593,0.039235525,0.09877773,0.031205801,0.38801605,0.09056494,-0.0047832313,-0.00426371,0.039120927,-0.003951176,0.007914715,-0.048132464,0.029444002,0.018262532,-0.10470414,-0.29742748,-0.09720522,-0.01689671,-0.14723668,-0.0036535324,-0.041894294,-0.11247673,-0.031126473,-0.012796446,0,0.009322363,0.0076726046,-0.013968906,0.009599147,0.02693249,0,0.05070535,-0.02381142,-0.2890587,0,-0.0058348556,-0.0040073018,-0.0074343253,-0.085203685,-0.012418579,-0.28144833,0.12984431,0.033540778,0.0643993,0.124660015,-0.0176261,"CDFMT32-A-0-week"
-0.049078044,0.5389961,0.3259847,-1.067596,1.3804653,0.23681286,-1.0901921,0.29839975,0.060132682,0.4980216,0.19360729,-1.2857103,0.29619965,0.036499366,0.29122022,0.111924544,0.058231376,0.14082728,0.1321555,0.16559552,-0.028776843,0.06483929,-2.7435315,0.062680855,0.2790166,-0.14473465,-0.26781496,0.23158744,0.12627265,0.06330782,0.123210624,-0.4119771,0.10659328,0.007021155,0.044554368,0.29657027,0.2133532,0.05622819,-0.0053747483,0.45967835,-0.500263,0.09259619,-0.39135575,-0.0063087586,0.2626801,0.06304281,-1.0594939,0.03322534,0,0.044782184,0.2563036,0.030816969,0.0747076,0.08730316,0.19394708,0.083709955,-0.018101014,-0.0055472543,0.085366786,0.008361027,-0.19768527,0.020800782,0.10676379,-0.07467236,0.018725727,-0.017130416,0.12750201,-0.19029531,0.030132757,-0.7465495,0.0027480097,-0.444434,0.082591146,-0.02069221,0.035366055,0.11505987,0.15864399,0.035130642,-0.104845166,0.05603242,-0.3076999,-0.0046651433,0.42842543,-0.033928826,-0.04638033,-0.13794115,0.042371027,-0.52406824,-0.013607151,-0.29476517,-0.2104362,-0.014352649,-0.0774683,0.008664116,-0.0529654,0.015745023,0.009416395,-0.16347402,2.380069,-0.039001413,-0.14546165,-0.7274344,-0.01263262,0.03359033,0.17167388,0.012660292,0.022733111,-0.2941043,0.43516958,-0.03668323,0.11851533,0.03487656,0.10335476,0,-0.0148886405,-0.078288116,-0.046929777,0.0150936395,-0.00043016832,0.07219295,-0.015716214,-0.006165815,0.0022247636,-0.008768663,-7.037881e-05,-0.05458677,-0.024094317,-0.12199591,0.09197921,0.10269416,0.063088804,0.14014526,0.08061823,-0.0061788373,-0.0072901566,0.10766003,-0.003090506,-0.044670217,-0.036529973,0.047430955,0.034069896,-0.25057286,0.16384183,-0.04310722,-0.01907754,-0.1569496,-0.0062120804,0.025070831,-0.06318395,-0.04656745,-0.031725086,0,0.02472724,0.035271183,-0.0134724835,0.004545312,0.05466373,0,0.029599622,-0.008911087,0.10234999,0,0.0042744726,-0.003668185,-0.0014381409,0.132721,-0.007035877,-0.20178013,0.13523328,0.025734201,0.15982331,-0.17374855,-0.013020999,"CDFMT33-A-0-week"
0.009616435,0.31933913,0.44270563,-1.7066501,0.30953473,0.35933125,0.26894253,0.4285697,0.0930413,0.62419105,0.2537309,-1.3492283,0.39067718,0.05100698,0.38108104,0.16045189,0.12717293,0.23226553,0.1708216,0.15446365,-0.201179,0.0928933,-1.3876796,0.103682585,0.2545197,-0.15895152,-0.42143604,0.25967288,0.15085976,0.05410377,0.16736484,-0.49490994,0.11384406,0.047052823,0.05717908,0.06317516,0.19176398,0.081401385,-0.0053747483,0.3557889,-0.641309,0.11010965,0.06909923,-0.0034302766,0.26656768,0.05746802,-0.45082438,0.07623402,0,0.062071964,0.27077597,0.039224572,0.08156898,0.05587688,0.17124191,0.14787139,-0.023593824,-0.004668759,0.082626045,-0.22731021,-0.2262761,0.017044604,0.042743303,-0.10203811,0.024309894,-0.022153607,0.13905573,-0.22919106,0.03196297,0.041701775,0.0032174531,-0.66396594,0.09079008,-0.02247695,0.0034061605,0.15940699,0.19799918,-0.16850463,-0.17853187,0.04423771,-0.24951786,-0.003932961,0.58677495,-0.041484233,-0.06230864,-0.13872205,-0.033123184,-0.0059440616,-0.015246248,-0.41155908,-0.31736782,-0.019862773,-0.09210634,0.0054893033,-0.043868206,-0.044743694,0.0022817843,-0.24552147,-1.2934632,-0.046161365,-0.13617803,0.10023018,-0.015965212,0.033756554,-0.28613162,0.016846193,0.026171165,0.074004635,0.18394801,-0.039917454,-0.060554948,0.083177105,0.12640013,0,-0.040245995,-0.072496854,-0.0542821,0.010500275,-0.0021944179,0.03164573,-0.01645099,-0.0058501195,0.0072789444,-0.10667852,0.00071714324,-0.042128425,-0.1473935,-0.10148481,0.06422624,0.111158,0.047499407,0.26708198,0.0602485,-0.0060147187,0.014441617,0.08415428,-0.0037673167,-0.007269539,-0.04308961,0.061552666,0.022540655,-0.119055495,0.13649312,-0.07559628,-0.020683676,-0.20970514,-0.0043608476,-0.02069081,-0.07249041,-0.016472014,-0.02933817,0,0.008031458,0.014776437,-0.015719723,0.0038175872,0.026971027,0,0.057480194,-0.011234688,-0.5518963,0,-0.00656778,-0.0020318732,-0.006239458,-0.056908526,-0.00995807,-0.27164513,0.16987005,0.034460224,0.06237797,0.10985694,-0.009380626,"CDFMT30-A-0-week"
-0.004815068,0.15599391,0.46608448,-1.7578008,-1.0085247,0.28979194,-1.1023775,0.4310983,0.0968307,0.68826854,0.33063728,0.5503359,0.2604901,0.04770358,0.36684328,0.17580569,0.101246506,0.19781923,0.16611901,0.13940321,0.328694,0.10489811,-1.1248119,0.099199556,0.25945494,-0.14935084,-0.37750912,0.2366527,-0.8242068,0.04995639,0.15070806,-0.39538983,0.0939279,0.06314689,0.055812947,-0.20132366,0.19834456,0.08176265,-0.0053747483,0.3936695,-0.41397554,0.108801134,-0.39494047,-0.0038834044,0.28768528,0.055680357,-0.45650113,0.06897424,0,-0.3921933,0.34904778,0.03506066,0.08312583,0.07432509,0.19453937,0.12509137,-0.019362962,-0.0056586736,0.09009196,0.10059712,-0.20486547,0.016837372,-0.21501936,-0.083004214,0.02404895,-0.021318026,0.12091097,-0.16640264,0.03153678,0.046661988,0.0034944285,-0.6028514,0.0948856,-0.030086825,0.013605566,0.13968723,0.19038561,0.14117128,-0.067602105,0.043597672,-0.24692652,-0.003443373,0.5718424,-0.044379532,-0.0668034,-0.1322488,0.08758621,-0.13849285,-0.016496956,-0.5069942,-0.27550864,-0.019264963,-0.11925086,0.0045323726,-0.064433426,-0.05110589,0.016261457,-0.25461468,-0.47891712,-0.044549145,-0.09217959,-0.6249753,-0.018347828,0.041663144,0.019156775,0.01637031,0.014750205,-0.26983213,0.1834998,-0.034556024,-0.07052614,0.07043426,0.13205267,0,0.2824071,-0.059915874,-0.036971964,0.012721781,-0.0027157792,0.0483114,-0.01426339,-0.010975207,0.004114393,-0.114698075,0.0016011227,-0.05031856,-0.09396064,-0.106175855,0.045082353,0.094146416,0.0398922,0.27578261,0.06849855,-0.0064280056,-0.02876515,0.081585154,-0.0026786178,-0.013039327,-0.015524181,0.051567804,0.027746705,-0.0122190025,0.16826081,-0.060378194,-0.02028133,-0.20398928,-0.007347608,-0.023933046,-0.08418774,-0.041848034,-0.04115183,0,0.0021750145,0.01312989,-0.016255558,0.005633133,-0.5015665,0,0.040732328,-0.008747388,0.075802,0,-0.0065392773,-0.0037616724,-0.0063849804,0.46203315,-0.0109779015,-0.14401315,0.15613878,0.031663667,0.026991442,0.10685142,-0.009840956,"CDFMT37-A-0-week"
-0.0041093156,0.2309807,0.42991027,-1.6954644,-0.8176352,0.33996844,0.26185048,0.39763594,0.09495991,0.6394278,0.26666874,-1.0261855,0.23827001,0.055157024,0.369094,0.15219536,0.13151965,0.13395993,0.15875354,0.119955465,-0.064618096,0.08361861,-1.5386498,0.070706695,0.20842355,-0.12804136,-0.3487042,0.25334755,-0.6802849,0.047703728,0.12339784,-0.54153335,0.11452454,0.041721694,0.053855054,0.049818695,0.15593314,0.0695972,-0.0053747483,0.40980536,-0.6064886,0.106280394,0.07041597,-0.0047091804,0.28959155,0.0602078,-0.34453857,0.080215134,0,-1.0849047,0.302132,0.039604742,0.07717444,0.060159855,0.24715418,0.13998638,-0.04802336,-0.0050314125,-1.0130131,0.0002862271,-0.22727159,0.01735581,-0.27615666,0.050579056,0.024580214,-0.016873412,0.13297667,-0.23148745,0.033576056,-0.936185,0.0029294132,-0.507261,0.094929144,-0.027059985,0.0008650515,-0.2531923,-0.17826734,-0.16791163,-0.096277885,0.043339305,-0.20070644,-0.0055818516,0.5114876,-0.03610687,-0.06632248,-0.13846216,0.04393304,-0.0816609,-0.016311381,-0.5266725,-0.31129378,-0.019379675,-0.12230086,-0.0049028248,-0.051230904,-0.057632223,0.0013653936,-0.2704722,-0.8588039,-0.04519076,-0.11407619,0.09989016,-0.016500495,0.036848787,-0.0901411,0.015653795,0.006306203,-0.386411,0.16660573,-0.03149507,0.17196414,0.10918164,0.12479427,0,-0.06081842,-0.06853719,-0.07641687,0.01024345,-0.0019978567,0.0558225,-0.015431309,-0.013946322,0.0046793027,-0.13067093,0.000960246,-0.04688078,-0.15556389,-0.13220066,0.057374813,0.09368581,0.04533788,0.2453953,0.06927176,-0.0074051325,-0.00907415,0.025447391,-0.0026786178,0.004868634,-0.013425227,0.060626656,-0.0127701685,-0.12443015,0.13878055,-0.07239771,-0.024580874,-0.26176465,-0.0041923784,-0.02276032,-0.07682544,-0.029615024,-0.046778418,0,0.01617207,0.0021323827,-0.016672295,0.0056705354,0.026095899,0,0.04530728,-0.0070969975,-0.012391877,0,-0.006110292,-0.0028254376,-0.0062413984,-0.06954649,-0.011179516,-0.1497982,0.11944309,0.0344731,-0.09163062,0.10420745,-0.015699137,"CDFMT28-A-0-week"
-0.04577312,0.23723537,0.5231265,-1.4238312,-0.020980857,0.17286015,0.24323285,0.4073756,0.10972666,-0.3542728,-0.37456894,-1.5107521,0.13708644,0.040022645,-0.1988029,0.15830356,-0.2281467,-0.66450566,-4.510255,0.12561968,0.012056958,0.08627056,0.2998596,-1.2847373,0.1958702,0.09290524,0.48959273,-0.12985235,0.13833055,0.025207948,0.26283163,-0.3643941,0.061439455,0.09681989,0.07156074,0.059362803,0.2421318,0.087075815,-0.007169108,0.15542193,0.35446954,0.09878121,0.09262206,0.004724648,0.30768746,0.08006324,-0.068404876,0.02682189,0,0.036216337,-0.42557037,0.031293377,0.05265709,0.04590261,-0.06180902,0.14067787,0.0276354,-0.004994584,0.054928694,-0.2721214,-0.23646235,0.011760503,0.21244511,-0.0869645,0.016236186,-0.04648056,0.0969429,0.38976526,0.040724408,0.04747791,0.0007671579,0.12432738,-0.20919526,-0.026601974,-0.00043022376,0.055449627,-0.28747916,-0.21756314,0.051120985,0.03529372,0.63155836,-0.015120853,-0.21766284,-0.04250056,-0.04041051,-0.22486584,0.11799352,-0.0071423203,-0.018669771,0.43350196,0.552873,-0.028262388,-0.05321408,-0.012221232,0.010954653,0.013270177,-0.0060364488,0.050675098,-0.23871647,-0.031337794,-0.1757293,0.082630366,-0.029273633,-0.8815917,0.01711683,0.013984712,-0.08348896,-0.013385481,-0.2554033,-0.021703482,-0.04780474,-0.0722772,0.08186263,0,-0.006255761,0.054725707,-0.045318887,0.009619395,-0.0010368794,-0.1891227,-0.015546581,-0.0034963256,0.007766734,0.2747329,0.0006129866,0.10480281,0.32950005,-0.062448382,0.02744666,0.07854927,0.055070423,0.31399554,0.086428545,-0.009136277,-0.015754327,0.095646605,-0.003488557,0.02475768,-0.009551274,0.00016143278,0.018836722,-0.05185339,-0.21383351,-0.09354545,-0.01495472,0.12391101,-0.005401313,-0.031754404,-0.10348924,0.10137716,0.010835684,-0.0037740094,-0.0015649255,0.07298445,-0.012980188,-0.0032417143,0.028982282,0,0.047269437,0.11427386,0.046592757,0,-0.005760997,0.0084750885,-0.007713459,-0.06284411,0.84939957,0.03653323,-0.018508999,0.031286344,0.060447454,-0.057283588,-0.01640275,"SRR11941523"
-0.008883376,0.13431235,0.43405792,-1.4954101,-0.66332775,0.20105752,0.23088402,0.3723435,0.0811838,-0.8258401,-0.6075686,-1.2023811,0.25603038,0.03749731,-0.3843496,0.14911723,0.27208742,-0.40924466,-4.1629868,0.07775892,0.013678994,0.10823828,-1.1101815,-1.1439443,0.17008413,-0.06629643,-0.24715862,-0.28875458,0.114774466,0.026921421,-0.27938372,-0.30455709,0.057372764,0.08103279,0.058444463,0.055168826,0.1948896,0.06977381,-0.005271578,0.034362398,-0.57326823,0.09800709,0.06420375,0.0058352696,0.24400768,0.06280737,-0.13328528,0.03099795,0,0.052241646,0.3681112,0.03519966,0.058463138,0.045318637,0.25060302,0.08879225,-0.014062076,-0.004668759,0.0548862,0.017863989,-0.23322216,0.012980394,1.8882618,-0.114418164,0.013290051,-0.023119306,0.10628277,-0.19516835,0.03542731,0.055439807,0.0011682855,-0.02057702,-0.27117828,-0.023886412,-0.00886168,0.06344135,-0.048396856,0.11663386,0.0465827,-0.2105336,0.70072716,-0.0109753115,0.20613626,-0.042293143,-0.04955991,-0.27300787,-0.21839622,-0.18004474,-0.018933125,0.42836535,-0.002831526,-0.02531584,-0.06217115,-0.0021333944,-0.0033343395,-0.03313048,-0.0010093116,0.16542102,-0.06683813,-0.040234283,0.041278042,0.10547722,-0.015261282,0.04701564,0.021129861,0.0146368295,-0.07085733,0.03636208,-0.051647425,-0.029487567,0.12920383,-0.64370346,0.08874081,0,-0.027974682,-0.21925578,-0.007308851,0.0095552355,-0.0022562002,-0.062125497,-0.015600187,-0.010164871,0.0017724033,0.07519849,0.0006129866,0.053481832,-0.23182376,-0.16242033,0.053601295,0.07792965,0.07719394,0.26543888,0.12707695,-0.02514615,0.0067258365,0.04653088,-0.003579836,-0.0046881204,-0.01246611,-0.15393302,0.08443864,-0.067359895,-0.09704873,-0.066961214,-0.011651557,0.19127923,-0.0050270846,-0.0694809,-0.057097513,-0.03808663,-0.04089473,-0.004847855,-0.0049804384,-0.014821012,-0.016336534,0.064363174,0.03076981,0,0.04342257,-0.025260355,0.06461729,0,-0.0057917237,0.035538048,-0.012445115,-0.060708705,-0.014536372,0.032744978,0.06659956,0.029551338,0.039619442,0.11587843,0.09622926,"SRR11941543"
-0.117224604,0.21641718,0.688637,0.3515234,0.92996013,0.24329,0.22044519,0.5811102,0.13470045,-0.8340691,-0.6215818,0.40260315,0.12560764,0.050382443,-0.3498065,0.17126797,0.29214495,-0.52071947,-4.779009,0.08824231,0.031770244,0.12026361,-0.6091106,-1.2845924,0.18274426,-0.14408956,-0.3131787,0.06748032,0.13896284,0.024954438,0.20565745,-0.2380396,0.05520527,0.15664414,0.051029503,0.061871957,0.3238431,0.07426125,-0.006795791,0.22494046,-0.31450945,0.10337834,0.068329334,0.0046465485,0.3061544,0.08401298,-0.07072115,0.035894684,0,0.050670583,0.71433353,0.03907136,0.06933721,0.051339943,0.22275385,0.14873992,0.035254464,-0.004535243,0.039890558,0.18238908,-0.21190633,0.015587626,2.0666113,-0.12266137,0.026529118,-0.023529194,0.10722967,-0.1526236,0.0543629,0.047788136,0.0018123355,0.026548235,-0.2630281,-0.025281936,-0.003299034,0.06539364,-0.07600841,0.21253546,0.06657226,0.061450478,0.5790634,-0.013900435,0.29805365,-0.03597419,-0.05217552,-0.19347364,-0.22865795,-0.03154055,-0.015127059,0.4576208,0.06543959,-0.021289818,-0.07464594,0.0055732727,0.01695503,0.01084541,0.0014872807,0.69900876,0.17820105,-0.03529838,0.22660854,0.10925666,-0.008031251,-1.2476478,0.03117951,0.012728149,-0.010645967,-0.002413962,-0.46450746,-0.02617814,-0.060962766,-0.6255498,0.11525869,0,-0.028767634,0.011796325,-0.05449335,0.015649876,-0.0029245587,0.06640223,-0.010252319,-0.008994817,0.0036161651,0.30290353,0.0016248409,-0.10865201,-0.19707423,-0.13305134,0.061517105,0.12399243,0.083443284,0.2638419,0.13324285,-0.015134104,0.0006506946,-0.16341545,-0.008783355,-0.057745345,-0.013033306,0.004557533,0.09825781,-0.025868803,0.091345556,-0.052442625,-0.009235584,-0.20293826,-0.006521558,-0.022251865,-0.053691767,0.029164424,-0.028058028,-0.004414584,0.00017257873,-0.003032747,-0.016887834,0.04355649,0.032732647,0,0.046101462,-0.011970516,-0.4565512,0,-0.003082743,0.03390809,-0.015112778,-0.07574641,-0.018190932,0.039300904,-0.039589994,0.034100108,0.033835195,0.1566067,-0.012959662,"SRR11941315"
0.055962436,0.24700671,0.48267153,-1.480121,-0.78684735,0.18660682,0.2087712,0.39942467,0.090376526,-0.72517824,-0.56708026,-0.38842857,-0.2370862,0.042463057,-0.22022393,0.15455174,0.077706866,0.57742167,-4.0016136,0.14563978,0.013397472,0.08181676,0.55512273,-1.3516932,0.2074313,0.17431402,-0.38259965,0.070500344,0.13426155,0.02409617,0.18072861,0.58650494,0.053542238,-0.18426573,0.066399544,0.061121915,0.1647364,0.06707151,-0.0028531998,-0.07643498,-0.57148343,0.1010079,0.046310123,0.008985837,0.31674254,0.079503246,-0.023431296,0.019933023,0,0.035792317,-0.45380968,0.03591283,0.062267657,0.04079373,0.24052164,0.12782304,0.010349738,-0.0048735864,0.025168058,-0.3057347,-0.20774013,0.01197362,-0.31354094,-0.0904796,0.0156229185,-0.018048147,0.09583392,-0.13127068,0.037229244,0.047271833,0.0037456504,-0.03852816,-0.25865132,-0.037964754,0.0027459222,-0.16316167,-0.5179797,-0.14160383,0.010036028,0.108462945,0.31558964,0.04590774,-0.38283876,-0.048281394,-0.053623505,-0.08055118,-0.15539676,-0.021101106,-0.020676158,0.1352756,0.55115104,-0.022982974,-0.061391026,-0.013034598,-0.010601949,-0.039020464,-0.00597351,-0.14332646,0.42345327,-0.039766002,-0.1545919,0.06768729,-0.022258602,-0.9007013,0.015692722,0.013400593,0.034672868,-0.38916886,0.096303284,-0.026451085,-0.11037748,0.14331383,0.056061883,0,0.14275455,0.004664369,-0.044047862,0.008350986,-0.00293326,-0.18492292,-0.014236149,-0.007534074,0.0016312636,-0.14316086,0.0006129866,0.14948846,0.061431818,-0.08740805,0.015822638,0.0925359,0.00070392154,0.31892377,0.085697606,-0.012464393,0.056541033,0.05219256,-0.0038688267,-0.0003984999,-0.012178653,0.005417642,-0.0075096358,-0.0330468,-0.049470823,-0.1004277,-0.014629978,0.13700417,-0.0064060492,-0.06569781,-0.09257237,-0.036271803,0.10466642,-0.0048155226,0.037311327,0.065377556,-0.015471786,0.005838301,0.030576287,0,0.05384677,-0.036731973,-0.36794358,0,-0.0030967344,-0.0059937136,-0.0101018455,-0.061726265,0.97263026,-0.1470951,0.036101516,0.029569231,0.037829507,-0.15521732,-0.018094914,"SRR11941556"
0.11873478,0.10913918,0.4767943,-1.5961908,-0.70700514,0.17827351,0.2976657,0.3708763,0.074801624,-0.13822995,-0.5079798,-0.29346552,0.28387308,0.04159548,0.27468562,0.13743755,0.078239426,-0.52770007,-4.155966,-0.12736635,0.0074266503,0.064034075,0.190072,-1.2161595,0.16786884,-0.024266798,-0.35507476,0.133017,0.19021747,0.025769979,0.044490702,0.6901789,0.08967811,0.25927058,0.0772911,0.10720749,0.15427317,0.06136036,-0.0046918667,-0.5790038,-0.47848195,0.1059935,0.05875539,0.009090987,0.27591962,0.11193074,0.0895139,0.0098923985,0,0.034207482,-0.45792717,0.030258097,0.058594048,0.049521722,-0.21643102,0.1209823,-0.03891743,-0.0048735864,0.054000415,-0.16536109,1.3815634,0.020980971,-0.23010024,-0.15148036,0.019001817,-0.033306763,0.0970287,-0.1570293,0.034300126,0.045164354,0.0013238905,-0.112532124,-0.17590132,-0.046091765,0.008305903,0.09563927,-0.01988304,-0.15684539,0.055858858,0.049508758,0.55991894,-0.010112928,-0.4947612,-0.03566874,-0.045125432,-0.16681199,-0.020939957,-0.03830626,-0.022187652,-0.3087117,0.5767431,-0.02295383,-0.09196423,-0.010582782,-0.0147532215,0.2143484,-0.004724537,-0.16982965,-0.1537213,-0.04157918,0.14142568,-0.3935609,-0.019656157,-1.0359278,0.013434157,0.012695269,-0.004475348,-0.17796355,-0.15069701,-0.033292703,0.13253887,0.17332911,0.063068554,0,0.013230476,0.68917435,-0.034171738,0.0065090377,-0.005615397,-0.06292564,-0.017572746,-0.008743914,-0.013285516,0.22401571,0.0006129866,0.11064038,-0.09547119,0.073672175,0.012544196,0.09474777,-0.06232998,0.24868008,0.066613905,-0.013254575,-0.03623441,0.12489313,-0.0036310144,0.22195615,-0.0099653695,-0.5539365,0.016605036,0.040045906,0.05081419,-0.07735146,-0.016531833,0.16089615,-0.005450702,-0.046020836,-0.08004904,-0.012818995,-0.022799298,-0.0048155226,0.0063348883,0.013105445,-0.013900165,-0.0023865812,0.023988586,0,0.06098944,-0.056471933,-0.43784463,0,-0.0025185063,-0.009481685,-0.0051360857,-0.06304661,-0.016509889,0.0376558,0.04409805,0.031831767,0.035818767,0.05093506,-0.016344186,"SRR11941340"
-0.08710827,0.24151856,0.5399651,-1.3496568,-0.7027467,0.2577337,0.21221879,0.44268048,0.10337021,0.5887675,-0.56541055,0.3776627,-0.36213875,0.04537727,-0.47411892,0.18023151,0.021155905,-0.008829806,-4.3699512,0.11412835,0.0027832126,0.10263864,0.40817487,0.1182727,0.21092287,0.23337084,0.062418897,0.10218322,0.14525369,0.044551633,0.17065622,0.4601129,0.07590428,-0.26312876,0.07616934,0.043618686,0.23669307,0.087310754,-0.003382146,0.25312385,0.31845918,0.10565745,0.06700549,0.00888906,0.34850103,-0.094366744,-0.0012264159,0.036569186,0,0.038837384,-0.33541858,0.035924263,0.07257279,0.042218313,0.31090444,0.15824002,-0.034972116,-0.0048735864,0.063505486,0.020355469,-0.16250998,0.017509224,2.0740826,-0.06859312,0.016982783,-0.022381917,0.09939329,-0.10887453,0.04166438,0.05228576,0.0052419435,0.026430925,-0.15226859,-0.037208073,0.0014380321,0.0997532,-0.034262195,-0.16046329,0.08569221,0.11147764,0.564543,-0.011127312,-0.27331266,-0.033128474,-0.03337698,0.013686005,0.18104255,-0.042573817,-0.020113738,-0.4454397,0.62307334,-0.022294125,-0.07457489,-0.01518078,0.0034749992,-0.121192075,-0.0049755382,0.08493061,0.16320446,-0.043158688,-0.008152558,0.10335295,-0.024043132,-0.82934207,0.01574359,0.01578998,0.059523698,0.04346265,-0.2652454,-0.024115734,-0.09403153,0.06009121,0.06482042,0,-0.023876736,-0.05052403,-0.044814978,0.007487055,-0.0014892274,0.026267648,-0.012909213,-0.005142891,0.000449982,-0.051266745,0.0012690795,0.08807511,0.06483553,0.08619203,0.025564078,0.06269031,0.051948465,0.60247856,0.11553249,-0.0089078,0.06646861,0.06364876,-0.0042737057,-0.058295302,-0.015322456,0.008049369,0.07870922,-0.014238002,-0.30589843,-0.08087465,-0.012785271,-0.15225838,-0.00359823,-0.0105140535,-0.104059964,0.06575137,0.12078129,-0.0037740094,-0.0043090377,-0.0060295356,-0.013917849,-0.0068043526,0.03262952,0,0.056470014,-0.027444886,0.0147800315,0,-0.0032140925,0.019876525,-0.0045185518,-0.064432584,-0.015162272,0.035904117,0.12043598,0.031162193,0.047624353,0.06421488,-0.032016434,"SRR11941325"
-0.02798986,0.28279465,0.52065927,-1.3168442,0.06940465,0.27968064,-0.9796127,0.38751683,0.08899974,0.45626515,-0.63817567,0.3848322,0.027932482,0.043883584,-0.23211883,0.16781594,0.10803938,-0.6444107,-4.365405,0.036215156,0.015843315,0.08038582,0.19175738,-1.3094974,0.18801528,0.13132155,-0.39397138,0.09428249,0.17548683,0.040073663,0.14901349,-0.35595968,0.06801438,0.16240533,0.07057415,0.099308245,0.26411694,0.07842141,-0.0061266166,0.18728346,0.5359826,0.105648056,0.059827708,0.006995247,0.34842682,0.064571336,-0.10229538,0.057971932,0,0.041777574,-0.27275863,0.04196452,0.07061393,0.051041503,0.26523376,0.16578057,-0.0026883632,-0.0050473996,0.03285189,-0.0892235,0.9244275,0.012042107,1.1767963,-0.10407413,0.017670836,-0.02912704,0.11010708,-0.09416805,0.038783886,0.048027273,0.0026987535,-0.0737285,-0.27591926,-0.03857712,0.0032957676,0.11023329,-0.49376786,-0.20828544,0.047350615,-0.2206614,0.8809704,-0.0093244845,-0.37472162,-0.038757067,-0.037297785,-0.18364397,-0.18428794,-0.19597843,-0.017801788,-0.35848516,0.25469106,-0.02175836,-0.07118709,-0.0057410025,-0.0075206216,-0.11267942,-0.008208933,-0.16748351,0.40556246,-0.039835252,0.1610995,0.08908763,-0.015899276,-1.4049885,0.014802655,0.016264733,0.05284715,-0.19635773,-0.11012165,-0.027869642,0.15092266,-0.08905861,0.0956255,0,-0.01833073,-0.01012102,-0.065539844,0.009581658,-0.00092124956,0.040236805,-0.011809338,-0.007944841,-0.0033958117,-0.061159827,0.00085245306,0.14517184,-0.044182304,-0.11974252,0.036822505,0.09709497,0.080911234,0.36815453,0.072447896,-0.00834826,0.058963075,0.06869881,-0.003861696,-0.054823004,-0.014174834,0.030869229,0.079112545,-0.033227984,-0.012189156,-0.09133584,-0.009082027,-0.0029901946,-0.0043479525,-0.023527578,-0.07907369,-0.037654594,0.9082641,-0.003589442,-0.0072389487,0.05906378,-0.014113996,0.02776208,0.029651873,0,0.055579286,-0.01986941,-0.21679598,0,-0.0072040684,0.010056932,-0.010884134,-0.07068564,0.71151006,0.038147002,0.15299684,0.035314776,0.045349702,0.110859,-0.027456302,"SRR11941391"
0.016454991,0.15314734,0.53332096,-1.3069243,-0.67861813,0.18050216,0.22257331,0.31968045,0.09602092,0.58611274,0.18830758,-1.2840428,-0.39687872,0.038072195,-0.13553643,0.13388723,-0.33723465,-0.3119361,-3.9280252,-0.25969735,-0.0019078559,0.07127361,0.37924936,-2.0477457,0.17508465,0.095194265,0.20805436,-0.27187818,0.154983,0.04091661,-1.2553818,0.5745304,0.099313766,-0.2894195,-0.9538108,0.06060323,0.19055256,0.07856141,-0.0029427817,-0.09635532,0.42077684,0.10651538,0.08687562,0.008030652,0.32310104,-0.059363946,-0.017078046,0.085789986,0,0.03380295,-0.24055162,0.029152721,0.050934155,0.035660125,-0.14726308,0.10941049,-0.12311332,-0.0048148343,0.028941404,0.15020835,-0.1707673,0.006632273,1.4649565,-0.10873902,0.012688794,-0.027651083,0.09102873,0.44171238,0.039199226,0.04664054,0.0064577414,0.4061505,-0.3843857,-0.03320154,0.014966213,0.059040084,-0.15365846,-0.1465479,0.052521292,-0.57197005,0.8462924,-0.015685605,-0.16631255,-0.04698295,-0.056932986,-0.16869353,-0.13045508,0.032703087,-0.020074297,0.39719093,0.3921555,-0.02603667,-0.08441803,-0.030597858,0.008571699,0.19887385,-0.00814062,-0.031127876,-0.010016128,-0.035098985,0.32388246,0.101099536,-0.025046745,-0.19192979,0.00776568,0.011517455,0.023512289,-0.28572598,0.11454767,-0.028361533,0.11862956,-0.51882124,0.060294196,0,-0.012883911,0.067857735,-0.050366625,0.0073467866,-0.0029832753,-0.23366365,-0.012391613,-0.00916077,0.0070114154,0.32607692,0.0006129866,-0.19019914,0.2150461,0.0921129,0.016541325,0.082361914,-0.08978996,0.38917354,0.01059615,-0.009363444,-0.018404352,-0.027900144,-0.0038261455,-0.034414012,-0.012908466,-0.005078135,0.10868688,0.18818343,-0.029912382,-0.06941634,-0.013686628,0.09073596,-0.0039178925,-0.016017292,-0.05758927,-0.045131337,0.060474467,-0.004180375,-0.0024182643,0.07864288,-0.0137392925,0.04169421,0.02741452,0,0.04496581,-0.021262724,-0.21333632,0,-0.011844299,0.030010335,-0.011094256,-0.055459324,-0.009277198,0.04870373,0.09834857,0.028637603,0.06005301,0.0742579,-0.03514357,"SRR11941661"
0.00489855,0.14686757,0.50617784,-1.417759,-0.08990835,0.20451465,0.20149757,0.42817828,0.08834188,-0.86491084,-0.57290065,0.36682248,-0.31804523,0.043271832,-0.27448007,0.1569758,0.1936979,-0.47278345,-4.620122,0.12612611,0.010839035,0.08807495,0.27126318,-1.449325,0.17380916,0.12647805,-0.20620947,0.038162284,0.14488737,0.022998586,-0.19108719,-0.29997605,0.06766203,0.08044331,0.06805295,0.04615506,0.24593583,0.09162435,-0.0033060033,0.18664305,0.07091391,0.099883005,0.06385735,0.0063611506,0.301593,0.053900287,0.10067043,0.02965723,0,0.049721878,-0.2140868,0.03392416,0.06965267,0.046203554,0.3164255,0.13110031,-0.12988348,-0.004759577,0.033226177,-0.37054008,-0.26326716,0.018167164,0.95204747,-0.12016399,0.01692307,-0.023500701,0.10803384,-0.1252518,0.04129136,0.042136695,0.0049272473,0.004047714,-0.04992928,-0.028968837,0.0011539904,0.055192325,-0.19095907,-0.20250499,0.07649556,0.093295336,0.5528763,-0.009796634,0.26302826,-0.04848577,-0.039228074,-0.23913628,0.10442528,-0.17304133,-0.015954306,0.4516698,0.37141138,-0.023214579,-0.08370056,-0.0072589675,0.0061595654,0.0070473496,-0.0105499625,0.101497345,0.40616578,-0.030734934,0.16617599,0.10254753,-0.019807,-0.8412309,-0.22071677,0.013942169,0.016585225,-0.20668805,0.11103101,-0.02456267,0.14395884,-0.16137475,0.09253737,0,-0.012586042,0.018171005,-0.052626356,0.0078422595,-0.0010779307,-0.15764442,-0.012349983,-0.006817162,0.00787819,0.21480182,0.0012690795,-0.13646598,-0.14521948,-0.1415669,0.03733145,0.095517755,0.04966927,0.25780043,0.099599585,-0.012692509,0.035951592,0.08702327,-0.0033090648,-0.13533768,-0.012754891,-0.006789228,0.043187585,-0.052827843,0.031965926,-0.07391456,-0.015337696,-0.29337984,-0.0056958585,-0.032099035,-0.07123438,0.09758882,0.07242712,-0.0048224875,0.0047712903,0.016844422,-0.015215104,-0.00026112283,0.031471044,0,0.046225205,-0.033471614,-0.23137957,0,-0.005407009,0.02367322,-0.013408166,-0.071412295,1.0080358,-0.057598602,-0.053977348,0.03047079,0.043407843,-0.21711996,-0.015832216,"SRR11941589"
0.1125182,0.15378103,0.5132778,-1.8387802,0.95630753,0.20525232,0.20093659,0.5916021,0.1324388,-0.9483154,-0.262553,0.44125387,-0.617965,0.05426261,-0.25238216,0.17009781,-0.24594352,-0.43031856,0.16862823,0.09830266,0.027861087,0.08805396,0.48649162,0.11475881,0.23836166,0.117335685,0.44690153,-0.10151824,0.16856222,0.03127774,0.26670358,-0.40268114,0.045451492,-0.20884874,0.06300076,0.04806781,0.29541856,0.087307036,-0.004895077,-1.3294024,-0.14643864,0.10960583,0.090954974,0.007958049,0.35827446,0.050623182,0.09643234,0.026846513,0,0.060658056,-0.18900757,0.030852813,0.07653139,0.052167464,-0.10615793,0.15397646,-0.18858956,-0.004994584,0.06762695,-0.0008900603,-0.17915809,0.020884996,-0.21337707,-0.07639435,0.02815863,-0.016918596,0.111252114,-0.15476331,0.05548899,0.06423117,0.003733497,-0.0306158,0.01973148,-0.033709835,-0.011248237,0.1148715,-0.12023362,-0.18171674,0.0013268422,0.113658145,-0.19432786,-0.005484133,0.59099776,-0.04233004,-0.051364914,-0.18107992,0.11938987,-0.07520029,-0.017489195,-0.3174574,-0.36535254,-0.01963947,-0.10572376,-0.020247152,0.016729116,-0.094921455,-0.0056443373,-0.17853911,0.86730504,-0.0344946,0.079610944,0.08838369,-0.0084501235,-0.43776208,-0.3195398,0.0149834715,0.006542406,-0.010853081,0.14145485,-0.023667157,-0.02507218,-0.38827956,0.10962972,0,-0.005657822,-0.021548675,-0.060569942,0.013042586,-0.0016037687,-0.17840704,-0.016861346,-0.0047743395,-0.0022835776,-0.070721544,0.0014563972,0.09144254,0.05632659,-0.104777664,0.035027318,0.10307914,0.043958396,0.25916368,0.06548177,-0.0206983,0.03255055,0.08615087,-0.002863023,0.020894557,-0.00854572,-0.0064739017,0.012428642,0.05237416,0.094383396,-0.063443474,-0.017436739,0.2320039,-0.0064975224,-0.021379497,-0.08609003,-0.075565696,0.12196204,6.964654e-06,0.0035057622,-0.012122122,-0.015140319,-0.02337955,0.036524598,0,0.05482201,-0.049017947,0.041728437,0,-0.0061714663,0.007226019,-0.0074655097,-0.055902302,-0.019275295,0.037245505,0.058829002,0.030619081,0.040234573,0.030711705,-0.007499976,"SRR11941422"
-0.004620295,0.123728454,0.58535427,-1.4607472,0.81865376,0.18165508,0.20025653,0.48030543,0.102129355,-0.42366996,-0.3207704,0.34720445,0.09326722,0.050486665,-0.19849658,0.11396819,0.08330704,0.38987264,-4.29905,0.2062971,0.010501408,0.08441333,0.4305532,-2.6467686,0.19840172,-0.12753852,0.44573647,0.054391317,0.14364646,0.023145277,0.23943153,-0.27335817,0.02616001,-0.30373505,0.06463573,0.03688946,0.26910636,0.07882815,-0.006280085,0.22190177,0.29205528,0.10012759,0.08582084,0.0047013257,0.2972489,-0.34022704,-0.028746624,0.025032636,0,-0.16737649,-0.5226288,0.037450336,0.058308907,0.043793455,0.21622762,0.17586118,-0.018582309,-0.004929748,0.043490782,-0.27049804,-0.19483387,0.018993039,-0.3426293,-0.12813565,0.020573433,-0.027008157,0.1071493,-0.10009366,0.052622728,0.0380868,0.00059073046,-0.034422856,-0.17260255,-0.029984463,-0.001666738,0.03399955,-0.21358256,-0.21658286,0.07276532,0.0845959,0.53859437,0.14495787,-0.089914836,-0.03982277,-0.037179664,-0.14653762,0.13972992,-0.040058296,-0.017225787,0.46523368,0.43194062,-0.021925272,-0.038186066,0.0019467131,0.0022600135,0.03361445,-0.01483357,0.04364952,-0.013200425,-0.035830207,0.07616027,0.05820544,-0.024056485,-0.82278496,0.013416516,0.014404671,-0.0766824,-0.17202508,-0.028262228,-0.019232444,0.32453623,0.065461,0.0832167,0,0.0048291357,-0.11111362,0.001300985,0.01278714,-0.00066913245,-0.054834828,-0.013541464,-0.011287008,0.007951803,0.25266325,0.0013732362,-0.13442457,0.101796314,-0.10129649,0.026471844,0.09160605,0.039371014,0.30374223,0.12254429,-0.011410885,-0.017706191,0.10050898,-0.0031809066,-0.021729534,-0.014998302,-0.46091807,0.013636022,-0.02733777,-0.037079584,-0.11778663,-0.014113663,0.15943857,-0.0051700654,-0.03435481,-0.08499898,-0.03261984,0.11834661,-0.0048504844,0.0066101886,0.1502868,-0.015704496,-0.027981931,0.029666502,0,0.052318353,0.14782341,-0.1422178,0,-0.0041315635,0.0042895046,-0.018323122,-0.06673161,0.91290647,-0.22930385,-0.10806841,0.031613223,0.046898566,-0.30730298,0.63226503,"SRR11941539"
0.017833037,0.1298201,0.619367,-1.6076752,1.1818768,0.32411483,0.20800063,0.509088,0.13112189,0.503823,-0.42962778,-0.27063033,0.22683081,0.047937635,-0.37360838,0.13451779,0.11150061,-0.26181024,-2.9116747,0.072501,-0.016295126,0.06522036,0.08265387,-1.170585,0.17296544,-0.12125256,-0.46050492,-0.20299028,0.13060236,0.040999718,0.16832359,-0.2921627,0.06665999,0.058407385,0.0605486,0.04684305,0.3544776,0.08149875,-0.0069995117,0.2574857,-0.64536786,0.102029994,0.055259638,0.0063830153,0.35563347,0.04956358,0.042964853,0.055035144,0,0.05277286,-0.23276769,0.04337964,0.07688399,0.04729251,0.26274,0.19703051,-0.032549825,-0.004818329,0.04906135,-0.29193443,-0.24650456,0.01891264,-0.13956648,-0.08777358,0.020334985,-0.021223092,0.10436493,-0.14674196,0.04932119,-0.8279616,0.0030203136,0.025676329,0.019628538,-0.026535433,-0.012231498,0.10953082,-0.3935433,0.12831348,0.01846857,0.05225621,0.8446674,-0.015261938,0.2724805,-0.0365897,-0.045140143,-0.18216452,-0.26827615,-0.10122515,-0.01594322,0.05673269,0.53186864,-0.022562286,-0.04118354,0.0019896228,0.0028957254,-0.095422834,0.005821947,-0.13071428,0.14818422,-0.040008713,0.057225365,0.077731624,-0.019517438,0.040346302,-0.34387407,0.016791955,0.0020594741,0.026740769,0.09291644,-0.027935728,0.20811835,-0.4128499,0.11101347,0,0.14840806,0.08649625,-0.06514578,0.0121265985,-0.0007373508,0.032726984,-0.017698914,-0.010389684,0.0024554783,-0.121115044,0.0005240463,0.047848504,0.010345314,-0.13170072,0.0066427346,0.11329238,0.04639667,0.40773582,0.05741213,-0.008805482,-0.038947903,0.06916858,-0.0030014145,0.108317874,-0.011029752,0.014953302,0.0104255425,-0.016107842,-0.05361352,-0.09249599,-0.009207682,-0.1576114,-0.0047424347,-0.057218194,-0.082002565,0.14406756,0.0070439614,-0.0032977283,0.029611576,-0.01826584,-0.014709422,0.006771564,0.03468684,0,0.05097603,-0.029361935,-0.29348758,0,-0.0044755396,-0.0029374184,-0.010897494,-0.06983052,-0.014513396,-0.23645091,0.14317907,0.033396095,0.018591903,0.089577064,-0.021055626,"SRR11941329"
-0.043801036,0.13540594,0.4374616,-1.5298706,-0.91924983,0.2300245,0.21329412,0.3926183,0.102693506,-0.341217,-0.30576152,0.39841786,0.26583627,0.043589957,-0.39604223,0.16858366,0.12163271,-0.6262164,-4.157518,0.068002835,0.028111927,0.12785389,0.7070968,-1.4478496,0.18885931,-0.083649054,-0.32494682,-0.04271357,0.15089722,0.031274937,0.16481942,-0.29434252,0.06904833,0.07681221,0.063213006,0.057489555,0.16914448,0.07323729,-0.0061294027,0.19772431,-0.8005654,0.103885554,0.071045436,0.0029324323,0.2897477,0.059383772,-0.11109071,-0.0008701179,0,0.045971848,-0.29531312,0.037182238,0.06696728,0.051827356,0.054506175,0.109493375,0.011967611,-0.0048148343,0.046965826,0.117908925,-0.22468022,0.013958713,2.6629155,-0.08234225,0.017718976,-0.014185699,0.110015795,-0.14251643,0.03321229,0.051063374,0.000856993,0.0074367635,0.026815105,-0.023027502,0.0031907933,-0.09812969,-0.0914471,0.029617582,0.08154181,0.09261833,0.556573,0.072327696,0.513747,-0.042177975,-0.045130033,-0.2779368,-0.17591554,-0.09287558,-0.018971631,0.49918833,-0.14339316,-0.023555554,-0.0767284,-0.002079843,0.010682149,-0.02923665,-0.0074774446,-0.16708341,-0.02889561,-0.044042014,0.0030865632,0.11045089,-0.013987921,0.049632616,0.018338172,0.014367004,-0.058144264,0.14590415,0.13229723,-0.02821179,-0.04159819,-0.67759144,0.08958386,0,-0.020114157,-0.33129704,-0.016988374,0.009405921,-0.0026966026,-0.1325467,-0.011973349,-0.006430627,-0.002150808,-0.10686299,0.0012690795,-0.048548084,0.019185567,-0.15293127,-0.108242825,0.08797435,0.046346698,0.2283428,0.055589736,-0.0115398625,-0.06604392,0.13207358,-0.0033681123,-0.047988504,-0.017367892,-0.458359,0.084422156,-0.10088678,-0.018667962,-0.07784937,-0.009108998,-0.34668523,-0.0060057184,-0.065419264,-0.05528473,-0.019495033,0.17142959,-0.00418734,0.13402782,0.056441844,-0.01573274,0.05504352,0.030131321,0,0.051328648,-0.021924423,-0.36933255,0,-0.0053636455,0.017581362,-0.01309268,-0.0979048,-0.017376935,0.03948229,0.09225297,0.029485457,0.040793274,0.017639322,-0.017298907,"SRR11941459"
-0.056322258,0.25575215,0.5866544,-1.4169803,-0.120636776,0.21344858,0.23724757,0.38156044,0.098542504,-0.75985205,-0.22780633,0.32656488,0.09493494,0.046010546,-0.33408287,0.16059889,0.10662929,0.2879436,-4.312146,0.09502268,0.02273465,0.12070801,0.12064045,-1.6138093,0.18449634,0.12819391,-0.41851202,-0.21191186,0.1244114,0.026911192,0.17685632,-0.32933894,0.05265769,-0.39575768,0.060008936,0.07868733,0.26013702,0.09488757,-0.005232295,0.21511938,0.09267018,0.10101642,0.053867236,0.005384564,0.32298425,0.08034,-0.09019777,0.011957252,0,0.034197222,-0.38715208,0.038858466,0.072666064,0.047180586,0.25661668,0.1321136,-0.0396097,-0.004759577,0.029534988,-0.25534672,0.37272114,0.011697841,1.4139502,-0.08953783,0.017664941,-0.037425745,0.09569323,-0.09466623,0.037406266,0.039500855,0.0003020337,-0.018435406,-0.17964375,-0.039318398,0.003114006,0.053959608,-0.18950526,0.1859129,0.07534889,0.0051571326,0.7244831,-0.01449717,-0.18725549,-0.04150048,-0.04927102,-0.121331945,0.2424025,-0.17786646,-0.017693926,0.56532586,0.33856,-0.023100667,-0.052260205,-0.010745365,0.0049955705,0.012339741,0.0042942264,-0.11932585,-0.0642553,-0.038223036,-0.0035475893,-0.6046434,-0.029872067,-0.903945,0.017234087,0.015131074,-0.026131798,-0.29198265,-0.14074796,-0.027988084,0.315829,-0.124714985,0.07975286,0,0.11935143,-0.06490503,-0.03699617,0.00886576,-0.0014421515,0.01193498,-0.013410884,-0.009790899,0.0018498208,0.06310832,0.0012690795,0.11197457,0.23147681,-0.1257249,-0.079977214,0.045499444,0.03778302,0.3010319,0.09751958,-0.010594115,-0.029233256,0.06740292,-0.003488557,0.010200647,-0.010487761,-0.013555861,0.07098162,0.07390754,-0.030192856,-0.09261913,-0.0098629175,0.063880004,-0.0051700654,-0.034252264,-0.08188802,-0.043488227,0.07189156,-0.0048224875,-0.005250166,0.113267645,-0.012776979,0.01763726,0.028354444,0,0.05299989,-0.031829804,-0.21479249,0,-0.0053037074,0.0048209485,-0.017589083,-0.07884847,-0.022655915,-0.21565506,0.05760762,0.032936707,0.06470942,0.113035865,0.02482142,"SRR11941670"
-0.03849408,0.34878972,0.47263277,-1.221988,-0.80484635,0.20049988,0.2207412,0.34695727,0.08661191,-0.86774826,-0.39347994,-1.6082467,-0.37077567,0.038990825,-0.17432651,0.15612644,0.10075289,0.43495226,-3.801808,0.14058861,-0.022913095,0.08784288,0.2442896,0.1386754,0.19277942,0.16714233,-0.35905808,0.07780822,-0.6248622,0.036955483,0.16521867,-0.33239734,0.05852258,-0.20579118,0.05342326,0.052109305,0.20166251,0.08019476,-0.0033678396,0.37528905,0.17459679,0.09791461,0.050104313,0.0026012585,0.330594,0.08904399,-0.018221065,0.0137053,0,0.036137857,-0.31047365,0.031694703,0.066792816,0.042693913,0.39060375,0.14174451,-0.045016684,-0.0048148343,0.04405731,-0.25798798,-0.16448416,0.012718096,1.6735548,-0.067275904,0.012721795,-0.042407326,0.09841342,-0.14664245,0.035237752,-0.7282515,0.00330515,-0.050396796,-0.16921873,-0.030021759,0.0022064517,0.08044836,-0.22566397,-0.13701242,0.055148706,0.0659754,0.9246067,-0.014399161,-0.23538369,-0.04014995,-0.040834844,-0.034994498,0.2733317,-0.03954702,-0.019527217,0.16264705,0.69418615,-0.027490197,-0.066159025,-0.01839446,0.0032273587,-0.14897102,-0.0069514294,-0.1210337,0.13155298,-0.03462038,0.030375488,0.07005395,-0.03595874,-0.47790414,-0.16324708,0.014957987,-0.013796747,-0.2258859,0.11546145,-0.02613679,1.249841,-0.3577814,0.06945597,0,-0.034489006,0.037124913,-0.039694548,0.0095802955,-0.0022015355,0.01803064,-0.011980949,-0.013511396,-0.00089683896,-0.16570067,0.0010491863,0.056550827,0.010733626,-0.12809896,0.03889441,0.07788232,0.05214531,0.3653525,0.0659233,-0.014324388,0.09190008,-0.04432074,-0.0033778038,0.024134478,-0.014438922,-0.34654492,0.074910596,0.013450069,-0.077218354,-0.08754924,-0.0074371677,-0.14159183,-0.0061850613,-0.026805196,-0.104574114,-0.029215083,0.036661588,-0.00418734,0.00046073226,0.042363707,-0.012783274,0.0023057796,0.0251393,0,0.04976499,-0.032450825,-0.010884106,0,-0.0036229747,0.017577868,-0.010505915,-0.0748616,-0.01924157,0.021861356,0.06499688,0.030669926,0.051503375,0.09730123,-0.028068028,"SRR11941569"
-0.04024948,0.23129566,0.5227814,-1.8516676,-0.9520212,0.1808567,0.27525234,0.4310395,0.12708326,-0.979298,0.3472751,0.46830517,-0.83337367,0.05481268,0.28016675,0.20556624,0.106015794,-0.3274346,0.18590197,0.20317355,0.034978043,0.085731566,0.13420983,0.11474469,0.2466185,0.12689179,0.42306677,0.10672666,0.20764801,0.033305496,0.28328598,0.6331593,-0.30541593,0.20811567,0.05854606,0.07711582,0.19225115,0.08063791,-0.003108176,0.2573924,0.51209897,0.116182566,0.10020917,0.0071221674,0.32890493,0.15132807,0.015215972,0.043745756,0,0.04345067,-0.42940277,0.03319729,0.07770044,0.052263536,-0.12020008,0.14314681,-0.011268247,-0.005049841,0.061361186,-0.1912083,1.0492342,0.023866212,-0.1888115,-0.08592735,0.026587153,-0.016216068,0.108604975,-0.13663356,0.04203302,0.06939006,0.0049681636,0.041789617,-0.4501704,-0.050374597,0.010674886,0.0864612,-0.20876965,0.053336203,0.083565444,0.12289173,-0.42528087,-0.0044342224,-0.26356313,-0.050949365,-0.031797443,-0.096459895,-0.15931797,-0.06688551,-0.016129503,-0.3237165,-0.06519619,-0.020371884,-0.1358734,-0.009833723,-0.02094053,-0.07843975,0.009239543,0.32077187,-0.42516786,-0.038899217,0.039309554,0.07291588,-0.01570011,-0.11681962,0.021128515,0.016796868,0.0042975936,-0.24972942,-0.14839947,-0.025326068,-0.034428053,-0.12110636,0.070566416,0,-0.027323253,-0.027891368,-0.05548413,0.007086104,-0.0043794955,0.005407661,0.12277886,-0.0033372347,-0.014849389,-0.040068608,0.0012690795,-0.15348367,-0.043505136,-0.10892158,0.011050862,-0.105600156,0.020024803,0.21206905,0.035550885,-0.010070924,-0.05168938,-0.1173029,-0.010052652,-0.13297035,-0.0170176,-0.001889351,0.04938511,0.1730607,-0.044469256,-0.07498047,-0.014050638,-0.3533351,-0.005142575,-0.0166603,-0.08562313,-0.052261665,-0.028943207,0,0.005576961,-0.015384219,-0.016581845,0.0038156256,0.02839534,0,0.055607192,-0.022256967,0.03052795,0,-0.004854428,0.0052445955,-0.003680829,-0.066728175,-0.021276906,0.063160546,-0.05506119,0.03045003,0.026226964,0.07268356,-0.013013065,"SRR11941395"
-0.01615065,0.20296916,0.41626707,-1.9218087,-0.7195258,0.17084096,0.24276516,0.3823828,0.081203386,-0.6675569,-0.38447884,-0.49422818,0.31156635,0.034008287,-0.39633593,0.14601006,0.20298372,-0.5237341,-4.18111,0.19835643,0.0018490577,0.10459499,0.27059913,-1.8145517,0.19819915,0.01369737,0.45522395,0.095061176,0.13260809,0.02316749,-1.3289949,-0.35930783,0.065456875,-0.15743004,-0.32943782,0.06487519,0.14096235,0.078943945,-0.004873222,-0.12942211,-0.23180133,0.101462826,0.08924326,0.0033698336,0.28766543,0.06968123,-0.047264285,0.026689492,0,0.036508203,-0.37468308,0.029403448,0.049616337,0.050295487,-0.1825346,0.11610788,-0.14265546,-0.005049841,0.071703106,-0.067141555,-0.15970159,0.015465547,0.22220302,-0.099869385,0.01858233,-0.025280822,0.10902417,-0.18875903,0.036930464,0.056800332,0.0004280086,0.300739,0.10146289,-0.027986081,0.005312403,0.049772017,-0.1312677,-0.15150155,-0.0510868,0.029196851,-0.17455791,-0.009110949,-0.4428033,-0.045227,-0.03552094,-0.23440999,-0.24480648,-0.083676994,-0.020921633,0.34891212,-0.14742851,-0.023556208,-0.08333985,0.0018245445,0.010896006,-0.02986756,-0.0066242707,0.407174,-0.57421345,-0.04268795,0.030521983,0.08210285,-0.009463518,-0.9281663,0.034898244,0.014206277,-0.009378868,0.06750765,-0.17704755,-0.023672566,-0.04518754,-0.5443092,0.075225815,0,0.013419258,-0.42795032,-0.055971388,0.009392431,-0.0035724915,0.03765615,-0.01627813,-0.009705808,0.0025967984,0.29470015,0.0006129866,0.5700042,-0.111353345,-0.11417871,0.025709778,0.09355317,0.04083513,0.21780139,0.12684456,-0.010191924,-0.0649459,-0.08242044,-0.009791572,-0.003878525,-0.06437337,-0.0016840925,0.0077974037,-0.035289004,-0.0014536884,-0.05096229,-0.013019027,-0.20476148,-0.006058896,-0.014877523,-0.06843901,0.10269508,0.12647617,-0.004212433,-0.0023410814,0.06528623,-0.01453702,-0.0070648384,0.030978927,0,0.044461958,-0.015854638,0.058159675,0,-0.010053192,0.0044131945,-0.015390098,-0.053426653,-0.016057063,0.03617233,-0.031034876,0.030351989,0.028806563,0.07083447,-0.0130745815,"SRR11941637"
